id,first_name,last_name,email,gender
2,Tomaso,Rikard,trikard1@networksolutions.com,Male
3,Anallese,Moro,amoro2@intel.com,Female
4,Brina,Rudram,brudram3@github.com,Female
5,Hilarius,Dickin,hdickin4@goodreads.com,Male
6,Effie,Badcock,ebadcock5@instagram.com,Female
7,Winna,McHugh,wmchugh6@time.com,Female
8,Nannette,Fick,nfick7@opensource.org,Female
9,Barbaraanne,Chandlar,bchandlar8@sun.com,Female
10,Hugues,Cafferky,hcafferky9@google.ca,Non-binary
11,Krispin,Cella,kcellaa@webs.com,Agender
12,Valina,Pesselt,vpesseltb@gmpg.org,Female
13,Roderigo,De Beauchamp,rdebeauchampc@wikia.com,Male
14,Clement,Lauder,clauderd@google.es,Male
15,Law,Aharoni,laharonie@myspace.com,Male
16,Elizabeth,Shand,eshandf@vk.com,Female
17,Casie,Hardin,charding@oracle.com,Female
18,Alejandrina,Denys,adenysh@netscape.com,Agender
19,Padget,Artis,partisi@digg.com,Male
20,Ephrayim,Dowman,edowmanj@creativecommons.org,Male
21,Em,O'Daly,eodalyk@networkadvertising.org,Polygender
22,Randee,Cliff,rcliffl@redcross.org,Female
23,Andrey,Copping,acoppingm@nbcnews.com,Male
24,Heda,Malyan,hmalyann@istockphoto.com,Female
25,Jerrilee,Labrone,jlabroneo@loc.gov,Female
26,Maggie,Heindl,mheindlp@dedecms.com,Female
27,Duff,Pearne,dpearneq@privacy.gov.au,Male
28,Kevyn,Maus,kmausr@va.gov,Female
29,Meryl,Willavize,mwillavizes@abc.net.au,Female
30,Felix,Sieghart,fsieghartt@behance.net,Male
31,Gill,Chapman,gchapmanu@trellian.com,Male
32,Johannes,Kowalik,jkowalikv@prweb.com,Polygender
33,Trever,Stainsby,tstainsbyw@paginegialle.it,Male
34,Rozalin,Blackburn,rblackburnx@omniture.com,Female
35,Augy,Meekins,ameekinsy@spotify.com,Male
36,Ban,Jager,bjagerz@forbes.com,Male
37,Gibbie,Samwyse,gsamwyse10@youku.com,Male
38,Marjy,Guillain,mguillain11@msn.com,Polygender
39,Megan,Mullally,mmullally12@hostgator.com,Non-binary
40,Sloane,Gregolin,sgregolin13@sphinn.com,Male
41,Maximo,Allridge,mallridge14@is.gd,Male
42,Ronna,Ship,rship15@disqus.com,Female
43,Levi,Pawsey,lpawsey16@posterous.com,Male
44,Courtnay,Scotts,cscotts17@diigo.com,Male
45,Thayne,Crome,tcrome18@nature.com,Male
46,Wadsworth,Simononsky,wsimononsky19@patch.com,Male
47,Leonelle,Lebreton,llebreton1a@drupal.org,Female
48,Axe,Sicily,asicily1b@123-reg.co.uk,Male
49,Gonzalo,Pavolillo,gpavolillo1c@unblog.fr,Male
50,Zacharie,Grayland,zgrayland1d@nymag.com,Male
51,Idelle,Levecque,ilevecque1e@simplemachines.org,Female
52,Troy,Covington,tcovington1f@prweb.com,Male
53,Kizzie,Pelos,kpelos1g@google.co.jp,Female
54,Irene,Blanckley,iblanckley1h@uiuc.edu,Female
55,Rochell,Cleugh,rcleugh1i@artisteer.com,Female
56,Sidonnie,Sisland,ssisland1j@hibu.com,Female
57,Teresita,Ismead,tismead1k@theguardian.com,Female
58,Sky,Parsonage,sparsonage1l@bandcamp.com,Male
59,Thaine,Gudgen,tgudgen1m@blinklist.com,Male
60,Cecilius,Edgeller,cedgeller1n@columbia.edu,Male
61,Cullin,Gaize,cgaize1o@technorati.com,Male
62,Isiahi,Mulvey,imulvey1p@youtube.com,Male
63,Corenda,Quantrell,cquantrell1q@trellian.com,Female
64,Vanya,Feely,vfeely1r@slashdot.org,Male
65,Ronalda,Oller,roller1s@arstechnica.com,Female
66,Huntlee,Bubbings,hbubbings1t@arizona.edu,Male
67,Hamlin,Schuh,hschuh1u@mashable.com,Male
68,Miquela,Sproat,msproat1v@globo.com,Female
69,Abbey,Halfacree,ahalfacree1w@pinterest.com,Female
70,Jorrie,Tretwell,jtretwell1x@whitehouse.gov,Female
71,Diahann,Gerdts,dgerdts1y@artisteer.com,Female
72,Ericha,Roullier,eroullier1z@cmu.edu,Female
73,Jabez,Elgee,jelgee20@springer.com,Male
74,Vaclav,Slograve,vslograve21@weather.com,Male
75,Michele,Impey,mimpey22@webs.com,Non-binary
76,Lanae,Ollin,lollin23@photobucket.com,Female
77,Teresa,Bremen,tbremen24@kickstarter.com,Female
78,Read,Barns,rbarns25@arizona.edu,Male
79,Joela,Murden,jmurden26@wunderground.com,Female
80,Lovell,Keningley,lkeningley27@arizona.edu,Male
81,Dmitri,Whiterod,dwhiterod28@weather.com,Male
82,Bradford,Pahlsson,bpahlsson29@nifty.com,Male
83,Morris,Di Carlo,mdicarlo2a@adobe.com,Male
84,Pierette,Stronack,pstronack2b@salon.com,Female
85,Oralie,Eldridge,oeldridge2c@howstuffworks.com,Polygender
86,Kelly,Grogona,kgrogona2d@behance.net,Female
87,Gawen,Hustler,ghustler2e@redcross.org,Male
88,Hedda,Monsey,hmonsey2f@icio.us,Female
89,Glenn,Testo,gtesto2g@mayoclinic.com,Male
90,Brig,Thew,bthew2h@slate.com,Male
91,Charisse,Fairrie,cfairrie2i@bbb.org,Female
92,Ray,Mancer,rmancer2j@usda.gov,Male
93,Gradey,Ewan,gewan2k@xrea.com,Male
94,Joshuah,Pie,jpie2l@forbes.com,Male
95,Che,O'Hannay,cohannay2m@bravesites.com,Agender
96,Griswold,Lanaway,glanaway2n@shareasale.com,Male
97,Giacinta,Jills,gjills2o@dropbox.com,Female
98,Emma,Udell,eudell2p@hugedomains.com,Female
99,Lanae,Dunnett,ldunnett2q@arizona.edu,Female
100,Bald,Coram,bcoram2r@goodreads.com,Male
101,Glendon,Hulles,ghulles2s@dell.com,Genderqueer
102,Kandy,Pammenter,kpammenter2t@sbwire.com,Female
103,Wilburt,Ruggles,wruggles2u@ow.ly,Male
104,Ravi,Delap,rdelap2v@clickbank.net,Male
105,Jedd,Augie,jaugie2w@shinystat.com,Male
106,Marita,McGonnell,mmcgonnell2x@soundcloud.com,Female
107,Lea,Dumingo,ldumingo2y@abc.net.au,Female
108,Eadith,Halse,ehalse2z@google.de,Agender
109,Bayard,Snoddon,bsnoddon30@stumbleupon.com,Male
110,Jerrylee,Venditti,jvenditti31@dailymail.co.uk,Female
111,Corrie,Emerton,cemerton32@huffingtonpost.com,Male
112,Brennan,Gowdy,bgowdy33@spiegel.de,Male
113,Carmella,Lawry,clawry34@quantcast.com,Female
114,Veronika,Castille,vcastille35@instagram.com,Female
115,Nataline,Antonin,nantonin36@51.la,Female
116,Des,Graeber,dgraeber37@ifeng.com,Male
117,Burl,Brierton,bbrierton38@wix.com,Male
118,Aldrich,Gamlen,agamlen39@51.la,Male
119,Ema,Norwich,enorwich3a@google.com,Female
120,Hillel,Blackly,hblackly3b@hexun.com,Male
121,Lorrin,Creasy,lcreasy3c@forbes.com,Female
122,Della,Meininger,dmeininger3d@mediafire.com,Female
123,Meredeth,Glasman,mglasman3e@cloudflare.com,Male
124,Lorine,Vondrach,lvondrach3f@parallels.com,Female
125,Dannie,Everingham,deveringham3g@springer.com,Bigender
126,Melisande,Licciardello,mlicciardello3h@ameblo.jp,Female
127,Vernice,Endley,vendley3i@yolasite.com,Female
128,Hendrika,Severy,hsevery3j@irs.gov,Non-binary
129,Angil,Kinge,akinge3k@amazon.co.jp,Female
130,Arlee,Hagart,ahagart3l@nationalgeographic.com,Female
131,Gearard,Bernardt,gbernardt3m@elegantthemes.com,Male
132,Kinnie,Asker,kasker3n@wikia.com,Male
133,Farlay,Scarlin,fscarlin3o@toplist.cz,Male
134,Gunar,Welbourn,gwelbourn3p@timesonline.co.uk,Male
135,Antonietta,Fisher,afisher3q@epa.gov,Female
136,Tamarah,Chrispin,tchrispin3r@nyu.edu,Female
137,Tammy,Massei,tmassei3s@paginegialle.it,Female
138,Perry,Applegarth,papplegarth3t@mozilla.org,Female
139,Iolande,Townsend,itownsend3u@geocities.jp,Female
140,Alberik,Stirtle,astirtle3v@furl.net,Male
141,Delbert,Falloon,dfalloon3w@photobucket.com,Male
142,Sheridan,Koppens,skoppens3x@craigslist.org,Polygender
143,Brian,Hasling,bhasling3y@cargocollective.com,Male
144,Aleksandr,Measom,ameasom3z@columbia.edu,Male
145,Waldon,Rawkesby,wrawkesby40@ovh.net,Male
146,Luce,Gannicott,lgannicott41@live.com,Female
147,Car,Loftin,cloftin42@taobao.com,Male
148,Osbert,Arnaldy,oarnaldy43@bloomberg.com,Agender
149,Hadley,Dilleway,hdilleway44@amazonaws.com,Agender
150,Hertha,Raraty,hraraty45@earthlink.net,Female
151,Tarrance,Richardeau,trichardeau46@slashdot.org,Male
152,Shannon,Sibthorpe,ssibthorpe47@technorati.com,Genderqueer
153,Yolanthe,Albinson,yalbinson48@constantcontact.com,Female
154,Annis,Aaronson,aaaronson49@bluehost.com,Female
155,Greggory,Gawn,ggawn4a@yolasite.com,Male
156,Ashley,Beddall,abeddall4b@alibaba.com,Female
157,Shawna,Seville,sseville4c@tripadvisor.com,Female
158,Afton,Clemenson,aclemenson4d@netlog.com,Female
159,Priscilla,Fanning,pfanning4e@tumblr.com,Female
160,Emmye,Di Frisco,edifrisco4f@google.fr,Female
161,Brietta,Mortell,bmortell4g@facebook.com,Genderqueer
162,Kamila,Durdy,kdurdy4h@bandcamp.com,Female
163,Lethia,Spellar,lspellar4i@dyndns.org,Female
164,Kevin,Scraggs,kscraggs4j@opera.com,Male
165,Cyndia,Haughan,chaughan4k@topsy.com,Genderfluid
166,Maude,Valti,mvalti4l@baidu.com,Female
167,Dody,Feechan,dfeechan4m@constantcontact.com,Female
168,Lanie,Pavey,lpavey4n@google.es,Bigender
169,Lorry,Woolley,lwoolley4o@sourceforge.net,Female
170,Henri,Wrathmall,hwrathmall4p@cloudflare.com,Male
171,Serene,McMurty,smcmurty4q@hatena.ne.jp,Female
172,Adams,Marielle,amarielle4r@auda.org.au,Polygender
173,Pearla,Lotherington,plotherington4s@blog.com,Female
174,Nerte,Leabeater,nleabeater4t@hexun.com,Female
175,Simona,Jossum,sjossum4u@arizona.edu,Female
176,Nathan,Gookey,ngookey4v@smugmug.com,Male
177,Natalina,Assiratti,nassiratti4w@sitemeter.com,Female
178,Diane,Lothlorien,dlothlorien4x@ihg.com,Female
179,Virge,Vanni,vvanni4y@cnn.com,Male
180,Curtis,Pervoe,cpervoe4z@nbcnews.com,Genderqueer
181,Ertha,Howen,ehowen50@newyorker.com,Female
182,Georgine,Balharrie,gbalharrie51@lycos.com,Female
183,Peta,Curryer,pcurryer52@lycos.com,Female
184,Merell,Margett,mmargett53@timesonline.co.uk,Male
185,Denice,Galego,dgalego54@washington.edu,Female
186,Chrystel,Gandley,cgandley55@digg.com,Female
187,Carmella,Lind,clind56@privacy.gov.au,Female
188,Luella,Bachman,lbachman57@unc.edu,Female
189,Gallagher,Merida,gmerida58@hp.com,Male
190,Marlo,Skim,mskim59@nsw.gov.au,Male
191,Mar,Roony,mroony5a@yellowpages.com,Male
192,Hazel,Heed,hheed5b@scribd.com,Female
193,Hermina,Jencey,hjencey5c@wordpress.com,Female
194,Margalit,Behrens,mbehrens5d@jimdo.com,Female
195,Lloyd,Syddie,lsyddie5e@blogger.com,Male
196,Vita,Sjostrom,vsjostrom5f@macromedia.com,Female
197,Libbie,Ledgerton,lledgerton5g@imgur.com,Female
198,Sargent,Thrift,sthrift5h@163.com,Male
199,Christel,Wilacot,cwilacot5i@economist.com,Female
200,Liza,Extil,lextil5j@hugedomains.com,Female
201,Lexis,Croson,lcroson5k@liveinternet.ru,Female
202,Thorpe,Snarie,tsnarie5l@facebook.com,Male
203,Orton,Limprecht,olimprecht5m@omniture.com,Male
711,Herby,Guy,hguyjq@redcross.org,Male
204,Rodina,Bogue,rbogue5n@wikispaces.com,Female
205,Conant,Brittian,cbrittian5o@edublogs.org,Male
206,Horatius,Eriksson,heriksson5p@ibm.com,Polygender
207,Wallache,Gurg,wgurg5q@utexas.edu,Male
208,Olivie,Whitwam,owhitwam5r@state.gov,Polygender
209,Abdul,Clemenzo,aclemenzo5s@google.com.au,Male
210,Genevieve,Buckett,gbuckett5t@trellian.com,Female
211,Beryl,Gegay,bgegay5u@miibeian.gov.cn,Female
212,Ashlie,Rayman,arayman5v@pagesperso-orange.fr,Female
213,Mora,Yosselevitch,myosselevitch5w@cdc.gov,Genderqueer
214,Oswell,Dakers,odakers5x@creativecommons.org,Male
215,Brit,Horribine,bhorribine5y@vinaora.com,Male
216,Ad,Wimbury,awimbury5z@dedecms.com,Male
217,Milka,Windas,mwindas60@tripod.com,Female
218,Bernice,Lyvon,blyvon61@bigcartel.com,Female
219,Roarke,Druhan,rdruhan62@usnews.com,Male
220,Carmelina,Arnaldo,carnaldo63@uol.com.br,Female
221,Georgeanne,Caughan,gcaughan64@google.de,Female
222,Edward,Woollcott,ewoollcott65@amazon.com,Male
223,Uriah,Brownsall,ubrownsall66@ezinearticles.com,Male
224,Kellen,Celier,kcelier67@mozilla.com,Male
225,Chevy,Losano,closano68@oaic.gov.au,Male
226,Myrtia,Wyleman,mwyleman69@dell.com,Female
227,Torie,Bassill,tbassill6a@goo.ne.jp,Female
228,Shayla,Gagan,sgagan6b@flavors.me,Female
229,Marika,Anstey,manstey6c@cyberchimps.com,Non-binary
230,Charley,Gill,cgill6d@usa.gov,Male
231,Rafael,Osgordby,rosgordby6e@squidoo.com,Male
232,Yetty,Ryley,yryley6f@mozilla.com,Female
233,Mag,Kadar,mkadar6g@wufoo.com,Female
234,Devan,Mingardo,dmingardo6h@oakley.com,Female
235,Layne,Harper,lharper6i@ihg.com,Female
236,Angeline,Pattemore,apattemore6j@youtu.be,Female
237,Agatha,Brundill,abrundill6k@phpbb.com,Non-binary
238,Alard,Oldroyde,aoldroyde6l@about.com,Genderfluid
239,Palmer,Worsfold,pworsfold6m@biblegateway.com,Male
240,Ninetta,Wingrove,nwingrove6n@nifty.com,Female
241,Garwin,Duffer,gduffer6o@wsj.com,Male
242,Robinson,Boolsen,rboolsen6p@house.gov,Male
243,Lovell,MacDowal,lmacdowal6q@networksolutions.com,Male
244,Trudey,Franzetti,tfranzetti6r@prlog.org,Female
245,Garrard,Ovanesian,govanesian6s@engadget.com,Male
246,Mac,Duly,mduly6t@economist.com,Male
247,Nilson,Cunde,ncunde6u@last.fm,Male
248,Terri,McQuirter,tmcquirter6v@spotify.com,Female
249,Frances,Chiommienti,fchiommienti6w@simplemachines.org,Female
250,Shirleen,Duckels,sduckels6x@paginegialle.it,Female
251,Alverta,Croce,acroce6y@sbwire.com,Female
252,Mic,Lambshine,mlambshine6z@stanford.edu,Bigender
253,Iosep,Siverns,isiverns70@tmall.com,Polygender
254,Galvan,Victor,gvictor71@deliciousdays.com,Male
255,Ruddie,Jayume,rjayume72@mapy.cz,Male
256,Hodge,Vedyaev,hvedyaev73@state.tx.us,Non-binary
257,Tildy,Moye,tmoye74@chronoengine.com,Female
258,Peyton,Oliveira,poliveira75@skype.com,Male
259,Tiler,Rubert,trubert76@printfriendly.com,Non-binary
260,Rolland,Poter,rpoter77@blog.com,Male
261,Jacob,Tredget,jtredget78@pcworld.com,Male
262,Townsend,Barrass,tbarrass79@jalbum.net,Male
263,Tobias,Hender,thender7a@wp.com,Male
264,Angelina,Wherton,awherton7b@infoseek.co.jp,Female
265,Carmen,Shackle,cshackle7c@bbc.co.uk,Female
266,Anthiathia,Riggey,ariggey7d@rambler.ru,Female
267,Rayner,Lain,rlain7e@princeton.edu,Male
268,Lydon,Quartley,lquartley7f@bloomberg.com,Genderfluid
269,Aurelea,Mishow,amishow7g@feedburner.com,Female
270,Vinson,Fleming,vfleming7h@ning.com,Genderfluid
271,Imogen,Thieme,ithieme7i@google.co.jp,Female
272,Rich,Phippard,rphippard7j@edublogs.org,Male
273,Elvin,Kerrane,ekerrane7k@globo.com,Male
274,Ilise,Alexsandrovich,ialexsandrovich7l@usatoday.com,Female
275,Bill,Rugg,brugg7m@google.nl,Male
276,Neal,Mouat,nmouat7n@nature.com,Male
277,Ainslee,Handy,ahandy7o@epa.gov,Female
278,Chadwick,Iban,ciban7p@cargocollective.com,Male
279,Rosalind,Brimm,rbrimm7q@ted.com,Female
280,Ogdon,Randales,orandales7r@ted.com,Male
281,Kassandra,Maudsley,kmaudsley7s@wisc.edu,Female
282,Adolph,Cowsby,acowsby7t@wisc.edu,Male
283,Petronia,Kloisner,pkloisner7u@google.com.br,Female
284,Michel,Stiant,mstiant7v@ftc.gov,Male
285,Walden,Hulke,whulke7w@va.gov,Bigender
286,Buddy,Kille,bkille7x@uiuc.edu,Male
287,Ellie,Labram,elabram7y@netscape.com,Female
288,Agnesse,Acott,aacott7z@narod.ru,Female
289,Nissy,Dufaire,ndufaire80@fc2.com,Female
290,Ralina,Kasparski,rkasparski81@unc.edu,Female
291,Mignon,Trevett,mtrevett82@usnews.com,Female
292,Ada,Rowbottom,arowbottom83@intel.com,Female
293,Archie,Pavlata,apavlata84@ox.ac.uk,Male
294,Pauly,Hulke,phulke85@spotify.com,Male
295,Cheryl,Benyan,cbenyan86@4shared.com,Female
296,Clarice,Tincknell,ctincknell87@berkeley.edu,Female
297,Brooks,Bidewel,bbidewel88@photobucket.com,Male
298,Lu,Marciskewski,lmarciskewski89@sina.com.cn,Genderqueer
299,Webster,Crutch,wcrutch8a@vistaprint.com,Male
300,Percival,Crasswell,pcrasswell8b@trellian.com,Male
301,Gwenny,Paolicchi,gpaolicchi8c@google.de,Female
302,Selina,Tinsley,stinsley8d@usa.gov,Female
303,Ilise,Rubinshtein,irubinshtein8e@state.tx.us,Female
304,Rooney,Sagrott,rsagrott8f@home.pl,Male
305,Sharlene,Considine,sconsidine8g@pen.io,Agender
306,Artemas,Born,aborn8h@virginia.edu,Male
307,Abigail,Lotwich,alotwich8i@slashdot.org,Polygender
308,Lynnette,O'Shavlan,loshavlan8j@pinterest.com,Female
309,Fulvia,Boote,fboote8k@bloglines.com,Female
310,Eugenia,Phebee,ephebee8l@businessweek.com,Female
311,Iolanthe,Boldry,iboldry8m@purevolume.com,Female
312,Rufus,McOwen,rmcowen8n@bbc.co.uk,Male
313,Winn,Gleder,wgleder8o@nature.com,Male
314,Murry,Cadalleder,mcadalleder8p@japanpost.jp,Agender
315,Nanette,Yoodall,nyoodall8q@tripod.com,Female
316,Verina,Johann,vjohann8r@booking.com,Agender
317,Niels,Cheatle,ncheatle8s@de.vu,Male
318,Elladine,Letty,eletty8t@jugem.jp,Female
319,Dore,Eaton,deaton8u@dailymotion.com,Male
320,Urbanus,Pfaffel,upfaffel8v@e-recht24.de,Male
321,Ola,Godden,ogodden8w@jalbum.net,Female
322,Roze,Tedorenko,rtedorenko8x@ameblo.jp,Female
323,Ricard,Aseef,raseef8y@linkedin.com,Male
324,Garvin,Lemonby,glemonby8z@oakley.com,Male
325,Andros,Iddiens,aiddiens90@acquirethisname.com,Male
326,Gerianne,Ghio,gghio91@webnode.com,Female
327,Gabbie,Pierri,gpierri92@nba.com,Male
328,Babara,Rosle,brosle93@themeforest.net,Female
329,Elena,Thurley,ethurley94@latimes.com,Female
330,Darbie,Hair,dhair95@psu.edu,Female
331,Carine,Bishop,cbishop96@parallels.com,Female
332,Carolyne,Considine,cconsidine97@theatlantic.com,Female
333,Jolynn,Duddy,jduddy98@abc.net.au,Female
334,Georgie,Collibear,gcollibear99@narod.ru,Female
335,Dawna,Rose,drose9a@themeforest.net,Female
336,Hermon,Pattenden,hpattenden9b@storify.com,Male
337,Bondon,Doull,bdoull9c@bing.com,Male
338,Guilbert,Mc-Kerley,gmckerley9d@ow.ly,Male
339,Sula,Offord,sofford9e@artisteer.com,Female
340,Kynthia,Knill,kknill9f@apple.com,Female
341,Jenica,Barkes,jbarkes9g@nytimes.com,Female
342,Rickey,Sweynson,rsweynson9h@i2i.jp,Male
343,Christian,Basketfield,cbasketfield9i@live.com,Male
344,Elora,Dymocke,edymocke9j@disqus.com,Female
345,Burg,Mendes,bmendes9k@yale.edu,Male
346,Juana,Redgrove,jredgrove9l@cafepress.com,Genderfluid
347,Hervey,Coumbe,hcoumbe9m@jalbum.net,Male
348,Ignacius,Bartoshevich,ibartoshevich9n@harvard.edu,Male
349,Isabelita,Priter,ipriter9o@slashdot.org,Female
350,Kiel,Ginglell,kginglell9p@parallels.com,Male
351,Demetris,Chase,dchase9q@ycombinator.com,Female
352,Nikos,Bartleet,nbartleet9r@nature.com,Male
353,Marmaduke,Dysert,mdysert9s@paypal.com,Male
354,Nertie,Aucock,naucock9t@newyorker.com,Female
355,Alfonso,Crush,acrush9u@indiatimes.com,Male
356,Pietrek,Ferenczy,pferenczy9v@comcast.net,Male
357,Ashbey,Crim,acrim9w@paypal.com,Bigender
358,Dreddy,Sier,dsier9x@admin.ch,Female
359,Ashton,Permain,apermain9y@ning.com,Agender
360,Janos,Aspray,jaspray9z@bloomberg.com,Male
361,Benedikt,Olexa,bolexaa0@ihg.com,Male
362,Sidoney,Dubock,sdubocka1@wordpress.com,Female
363,Friedrick,Kording,fkordinga2@hud.gov,Male
364,Yehudi,Boyfield,yboyfielda3@live.com,Male
365,Fayette,Collcutt,fcollcutta4@ifeng.com,Female
366,Marje,Groveham,mgrovehama5@qq.com,Female
367,Jorge,Hadden,jhaddena6@chron.com,Agender
368,Alain,Fidelli,afidellia7@dmoz.org,Male
369,Tomaso,Sapshed,tsapsheda8@cnbc.com,Male
370,Clyve,Spellsworth,cspellswortha9@sourceforge.net,Male
371,Ainslee,Milward,amilwardaa@nature.com,Female
372,Finlay,Petch,fpetchab@blogtalkradio.com,Male
373,Caressa,Purple,cpurpleac@unesco.org,Female
374,Elyssa,Sedgman,esedgmanad@blinklist.com,Female
375,Camey,Kemet,ckemetae@mozilla.org,Male
376,Risa,Keppy,rkeppyaf@51.la,Female
377,Margit,Whiting,mwhitingag@mlb.com,Female
378,Maurie,Luthwood,mluthwoodah@va.gov,Male
379,Monah,Dubbin,mdubbinai@163.com,Female
380,Anthiathia,Attewell,aattewellaj@scientificamerican.com,Female
381,Devan,Ploughwright,dploughwrightak@typepad.com,Female
382,Perl,Godsmark,pgodsmarkal@fda.gov,Genderfluid
383,Essie,Felix,efelixam@tinypic.com,Female
384,Max,O'Neary,monearyan@cornell.edu,Female
385,Alasdair,Selesnick,aselesnickao@usgs.gov,Male
386,Edwina,Delooze,edeloozeap@mozilla.com,Female
387,Karlee,Gurdon,kgurdonaq@bandcamp.com,Female
388,Chandler,Tighe,ctighear@linkedin.com,Male
389,Web,Tuckwell,wtuckwellas@usnews.com,Male
390,Simonette,Iddenden,siddendenat@paypal.com,Female
391,Lisabeth,Sawter,lsawterau@wufoo.com,Female
392,Carrie,Reynoollds,creynoolldsav@biblegateway.com,Female
393,Morganica,Brickdale,mbrickdaleaw@printfriendly.com,Female
394,Oralee,Bridgewood,obridgewoodax@yellowpages.com,Female
395,Cyrille,Cushelly,ccushellyay@netscape.com,Male
396,Kenton,Guiso,kguisoaz@ucoz.ru,Male
397,Saunders,Yesenev,syesenevb0@google.ru,Male
398,Cordell,Buffey,cbuffeyb1@elpais.com,Male
399,Cleve,Nares,cnaresb2@pbs.org,Male
400,Bailey,Elverston,belverstonb3@technorati.com,Male
401,Daryle,Pettendrich,dpettendrichb4@feedburner.com,Male
402,Rudie,Jervois,rjervoisb5@sciencedirect.com,Male
403,Justinian,Tabbernor,jtabbernorb6@uiuc.edu,Male
404,Royal,Cosser,rcosserb7@csmonitor.com,Male
405,Monro,Caughtry,mcaughtryb8@webs.com,Male
406,Henri,Lennie,hlennieb9@msu.edu,Male
407,Lind,Peinke,lpeinkeba@reddit.com,Female
408,Cynde,Mabson,cmabsonbb@altervista.org,Female
409,Halli,Winterbotham,hwinterbothambc@linkedin.com,Female
410,Amye,Senecaut,asenecautbd@wikipedia.org,Female
411,Monty,Willerson,mwillersonbe@ucla.edu,Male
412,Timmie,Ciottoi,tciottoibf@marketwatch.com,Male
413,Prescott,Russel,prusselbg@time.com,Male
414,Diann,Howsam,dhowsambh@wunderground.com,Female
415,Layney,Brychan,lbrychanbi@patch.com,Female
416,Hashim,Nanetti,hnanettibj@w3.org,Male
417,Ludvig,Ludovici,lludovicibk@oracle.com,Male
418,Heinrick,Skurm,hskurmbl@imdb.com,Male
419,Spenser,Ruselin,sruselinbm@epa.gov,Male
420,Richmound,MacRinn,rmacrinnbn@spiegel.de,Male
421,Korrie,Tolchar,ktolcharbo@scientificamerican.com,Female
422,Joice,Echalier,jechalierbp@drupal.org,Female
423,Bevin,Wort,bwortbq@livejournal.com,Male
424,Margaretta,Tansly,mtanslybr@ocn.ne.jp,Female
425,Marchelle,Saurin,msaurinbs@51.la,Female
426,Tye,Costan,tcostanbt@symantec.com,Male
427,Charissa,Shakesbye,cshakesbyebu@statcounter.com,Female
428,Fiona,Hoult,fhoultbv@mysql.com,Female
429,Neil,Weond,nweondbw@discovery.com,Male
430,Tom,Pheasey,tpheaseybx@rambler.ru,Male
431,Kaye,Chartres,kchartresby@google.nl,Genderfluid
432,Birgitta,Pagitt,bpagittbz@ameblo.jp,Female
433,Phaedra,Richardet,prichardetc0@aboutads.info,Female
434,Larry,Tumielli,ltumiellic1@cnn.com,Male
435,Kahaleel,Stollberger,kstollbergerc2@sphinn.com,Male
436,Mirella,Batram,mbatramc3@wikipedia.org,Female
437,Sherlock,McElvine,smcelvinec4@hao123.com,Male
438,Nanete,Willmot,nwillmotc5@europa.eu,Female
439,Mady,Demeter,mdemeterc6@who.int,Female
440,Sergei,McBryde,smcbrydec7@ted.com,Male
441,Janelle,Videneev,jvideneevc8@wunderground.com,Female
442,Bryna,Measor,bmeasorc9@amazon.co.uk,Female
443,Gleda,Pearton,gpeartonca@twitter.com,Female
444,Tedda,Bellworthy,tbellworthycb@columbia.edu,Female
445,Amandi,Alcock,aalcockcc@alibaba.com,Genderfluid
446,Chad,Wantling,cwantlingcd@about.me,Female
447,Melanie,Honnan,mhonnance@marketwatch.com,Female
448,Shanan,Balma,sbalmacf@seattletimes.com,Male
449,Umeko,Gaymar,ugaymarcg@nps.gov,Female
450,Anton,Grishakin,agrishakinch@yahoo.com,Male
451,Rubetta,Furtado,rfurtadoci@dion.ne.jp,Female
452,Shadow,Demsey,sdemseycj@infoseek.co.jp,Male
453,Clemmie,Shipton,cshiptonck@latimes.com,Female
454,Fabiano,Eccleshall,feccleshallcl@ning.com,Male
455,Darnell,Gyrgorcewicx,dgyrgorcewicxcm@blogs.com,Male
456,Alwin,Jordanson,ajordansoncn@aol.com,Male
457,August,Tother,atotherco@cloudflare.com,Male
458,Artur,Nilles,anillescp@youtu.be,Male
459,Korie,Humber,khumbercq@1688.com,Female
460,Ansel,Darbey,adarbeycr@so-net.ne.jp,Male
461,Abie,Barz,abarzcs@networksolutions.com,Male
462,Mellisent,Chatenet,mchatenetct@yelp.com,Female
463,Hetty,Kornilov,hkornilovcu@bloomberg.com,Female
464,Madalyn,Wilkes,mwilkescv@hexun.com,Female
465,Vyky,Bains,vbainscw@last.fm,Female
466,Andonis,Grinter,agrintercx@fda.gov,Male
467,Sloane,Botterell,sbotterellcy@webnode.com,Male
468,Margaretha,Degoe,mdegoecz@blogtalkradio.com,Bigender
469,Florian,Campana,fcampanad0@imageshack.us,Male
470,Garrott,Langrish,glangrishd1@163.com,Male
471,Ermengarde,Riccardi,ericcardid2@woothemes.com,Female
472,Marven,D'Agostini,mdagostinid3@alexa.com,Male
473,Shalne,Burchnall,sburchnalld4@timesonline.co.uk,Female
474,Kelcy,Infante,kinfanted5@digg.com,Female
475,Denny,Foakes,dfoakesd6@meetup.com,Female
476,Christean,Dreier,cdreierd7@infoseek.co.jp,Female
477,Brent,Boshard,bboshardd8@businessinsider.com,Male
478,Joann,Halvorsen,jhalvorsend9@techcrunch.com,Female
479,Emyle,Clows,eclowsda@cargocollective.com,Female
480,Philomena,Dumbrall,pdumbralldb@seattletimes.com,Female
481,Emmey,Veld,evelddc@apache.org,Female
482,Cristi,Steely,csteelydd@ocn.ne.jp,Female
483,Fremont,Goodwill,fgoodwillde@wp.com,Agender
484,Fan,Swanbourne,fswanbournedf@nhs.uk,Bigender
485,Goldy,Fessby,gfessbydg@issuu.com,Bigender
486,Shaine,Roakes,sroakesdh@eventbrite.com,Agender
487,Inger,Conti,icontidi@mozilla.org,Male
488,Carlota,Gadie,cgadiedj@xinhuanet.com,Female
489,Halli,Hewlings,hhewlingsdk@google.com,Female
490,Humbert,Hachard,hhacharddl@amazonaws.com,Male
491,Gunner,Reeme,greemedm@e-recht24.de,Genderqueer
492,Andromache,Drable,adrabledn@odnoklassniki.ru,Female
493,Hercules,Jost,hjostdo@omniture.com,Male
494,Bert,Rickard,brickarddp@usnews.com,Male
495,Haily,Funnell,hfunnelldq@mapquest.com,Female
496,Arlen,Bahl,abahldr@dailymotion.com,Polygender
497,Nappie,O'Corr,nocorrds@woothemes.com,Male
498,Alisun,Edmeades,aedmeadesdt@github.com,Female
499,Masha,Cleeve,mcleevedu@psu.edu,Female
500,Codi,Pidgen,cpidgendv@zdnet.com,Male
501,Melinda,Iggo,miggodw@amazon.co.uk,Female
502,Emlyn,Soames,esoamesdx@independent.co.uk,Female
503,Guglielma,Barham,gbarhamdy@bloomberg.com,Female
504,Jane,Farrant,jfarrantdz@trellian.com,Female
505,Cristiano,Maundrell,cmaundrelle0@hc360.com,Male
506,Gert,Assaf,gassafe1@mayoclinic.com,Female
507,Aarika,Mordan,amordane2@icq.com,Female
508,Francisco,Cropton,fcroptone3@cargocollective.com,Male
509,Arlyn,Kermath,akermathe4@arizona.edu,Female
510,Corrine,Samways,csamwayse5@europa.eu,Female
511,Annnora,Korting,akortinge6@creativecommons.org,Female
512,Farrand,Magor,fmagore7@google.com,Female
513,Joly,Brasse,jbrassee8@accuweather.com,Female
514,Dacy,Chmiel,dchmiele9@nationalgeographic.com,Female
515,Rosabel,Mangin,rmanginea@omniture.com,Bigender
516,Alane,Maggiore,amaggioreeb@aol.com,Female
517,Tess,Collet,tcolletec@mtv.com,Female
518,Tuckie,Girardey,tgirardeyed@jiathis.com,Male
519,Ramon,Sifleet,rsifleetee@sciencedaily.com,Genderqueer
520,Ellwood,Rodliff,erodliffef@nasa.gov,Male
521,Quinn,Gallelli,qgallellieg@wikia.com,Male
522,Philly,Rengger,prenggereh@yellowpages.com,Female
523,Riobard,Portail,rportailei@so-net.ne.jp,Male
524,Wilburt,Gautrey,wgautreyej@behance.net,Male
525,Germaine,Rumford,grumfordek@wix.com,Genderfluid
526,Tessy,MacPherson,tmacphersonel@google.it,Female
527,Caitrin,Swiffan,cswiffanem@squarespace.com,Female
528,Yorke,Giraudou,ygiraudouen@fda.gov,Male
529,Kanya,Marritt,kmarritteo@gizmodo.com,Female
530,Sterling,Moyne,smoyneep@noaa.gov,Non-binary
531,Flss,Ovitts,fovittseq@skype.com,Female
532,Shannah,Splaven,ssplavener@aboutads.info,Agender
533,Silvia,Corpes,scorpeses@furl.net,Female
534,Dorella,Durdy,ddurdyet@java.com,Female
535,Franciska,Belz,fbelzeu@jimdo.com,Polygender
536,Westbrooke,Winsper,wwinsperev@sakura.ne.jp,Male
537,Raddy,Bristo,rbristoew@google.fr,Male
538,Albert,Tuer,atuerex@4shared.com,Male
539,Cristen,Hooban,choobaney@csmonitor.com,Agender
540,Barth,Conrart,bconrartez@europa.eu,Male
541,Allen,Romney,aromneyf0@usgs.gov,Male
542,Ginger,Antosik,gantosikf1@uiuc.edu,Male
543,Ilene,Station,istationf2@kickstarter.com,Female
544,Osmund,Blasdale,oblasdalef3@shutterfly.com,Non-binary
545,Kirstyn,Marrington,kmarringtonf4@admin.ch,Female
546,Dedie,Kermitt,dkermittf5@answers.com,Female
547,Quintana,Halliwell,qhalliwellf6@people.com.cn,Female
548,Wenonah,Seczyk,wseczykf7@xing.com,Female
549,Fowler,Wintour,fwintourf8@163.com,Male
550,Danice,Isacoff,disacofff9@mtv.com,Female
551,Sibyl,Linturn,slinturnfa@yelp.com,Male
552,Dell,Cristobal,dcristobalfb@dion.ne.jp,Male
553,Teddy,Balaison,tbalaisonfc@linkedin.com,Female
554,Odie,Coldbathe,ocoldbathefd@biglobe.ne.jp,Male
555,Jervis,Coppeard,jcoppeardfe@cnn.com,Male
556,Annamaria,Lorne,alorneff@spiegel.de,Female
557,Reta,Lambal,rlambalfg@opensource.org,Genderfluid
558,Joe,Downey,jdowneyfh@rakuten.co.jp,Genderqueer
559,Gerrilee,Milam,gmilamfi@hubpages.com,Female
560,Darn,Doherty,ddohertyfj@livejournal.com,Male
561,Thorstein,Woltering,twolteringfk@baidu.com,Male
562,Helen-elizabeth,Chalfant,hchalfantfl@usgs.gov,Female
563,Maynord,Orkney,morkneyfm@jigsy.com,Male
564,Shepperd,Borlease,sborleasefn@home.pl,Bigender
565,Etti,Rainford,erainfordfo@google.com.br,Female
566,Rowan,Aitcheson,raitchesonfp@prnewswire.com,Male
567,Jillayne,Tidgewell,jtidgewellfq@ox.ac.uk,Female
568,Patrice,Clubley,pclubleyfr@japanpost.jp,Female
569,Myrta,Manie,mmaniefs@de.vu,Female
570,Ellynn,Renowden,erenowdenft@163.com,Non-binary
571,Alys,Garratt,agarrattfu@hao123.com,Female
572,King,Carren,kcarrenfv@slideshare.net,Male
573,Faustina,Edlington,fedlingtonfw@harvard.edu,Female
574,Becky,Gonsalvo,bgonsalvofx@cbslocal.com,Genderfluid
575,Raina,Rolstone,rrolstonefy@yellowbook.com,Female
576,Cheston,Isack,cisackfz@epa.gov,Male
577,Amandy,Findlater,afindlaterg0@creativecommons.org,Female
578,Candra,Ellse,cellseg1@sciencedirect.com,Female
579,Damiano,Fucher,dfucherg2@storify.com,Male
580,Mayer,Coetzee,mcoetzeeg3@xinhuanet.com,Male
581,Neale,Rosling,nroslingg4@nytimes.com,Polygender
582,Cordula,Butt,cbuttg5@google.de,Female
583,Justina,Barden,jbardeng6@prnewswire.com,Bigender
584,Farris,Barok,fbarokg7@1688.com,Male
585,Saudra,Spurrior,sspurriorg8@macromedia.com,Female
586,Gerianna,Costellow,gcostellowg9@ucsd.edu,Female
587,Darius,Roddam,droddamga@businessweek.com,Male
588,Syman,Antwis,santwisgb@quantcast.com,Male
589,Clea,Sabey,csabeygc@cbsnews.com,Female
590,Jacob,Larwood,jlarwoodgd@histats.com,Male
591,Regine,Garham,rgarhamge@usa.gov,Female
592,Gifford,Questier,gquestiergf@virginia.edu,Male
593,Nannette,Whiteley,nwhiteleygg@addtoany.com,Female
594,Marion,Sims,msimsgh@sogou.com,Male
595,Wolfie,Patrone,wpatronegi@shutterfly.com,Male
596,Gianina,Deverill,gdeverillgj@lycos.com,Female
597,Ronna,Van Der Vlies,rvandervliesgk@friendfeed.com,Bigender
598,Monroe,Grichukhin,mgrichukhingl@bbb.org,Male
599,Devora,Hackin,dhackingm@independent.co.uk,Female
600,Arleyne,Sambedge,asambedgegn@ca.gov,Female
601,Jo,Vannuchi,jvannuchigo@google.com.br,Male
602,Sanders,Fullun,sfullungp@ustream.tv,Male
603,Alfons,Vanelli,avanelligq@globo.com,Male
604,Celestine,Pulford,cpulfordgr@ed.gov,Female
605,Valry,Craghead,vcragheadgs@stumbleupon.com,Bigender
606,Dorri,Troy,dtroygt@pinterest.com,Female
607,Sherlock,Demaine,sdemainegu@sphinn.com,Agender
608,Thaddus,Accombe,taccombegv@spiegel.de,Male
609,Faulkner,Gerriets,fgerrietsgw@smh.com.au,Bigender
610,Greg,Christaeas,gchristaeasgx@feedburner.com,Male
611,Teodor,Worcs,tworcsgy@mtv.com,Male
612,Georgena,Minchin,gminchingz@devhub.com,Female
613,Cheri,Ardern,cardernh0@google.ca,Female
614,Poppy,MacAscaidh,pmacascaidhh1@live.com,Female
615,Kali,O'Roan,koroanh2@uiuc.edu,Female
616,Ellwood,Cranston,ecranstonh3@e-recht24.de,Male
617,Amelie,Glazebrook,aglazebrookh4@hugedomains.com,Female
618,Juli,Dougharty,jdoughartyh5@flavors.me,Agender
619,Steve,Chamney,schamneyh6@smh.com.au,Male
620,Wood,Chapier,wchapierh7@berkeley.edu,Male
621,Hamid,Bretherton,hbrethertonh8@businessweek.com,Male
622,Wilfrid,Ruste,wrusteh9@wunderground.com,Male
623,Atlanta,Warboy,awarboyha@house.gov,Female
624,Gert,Haxby,ghaxbyhb@google.ca,Genderqueer
625,Sibbie,Guillotin,sguillotinhc@angelfire.com,Female
626,Toiboid,Matthisson,tmatthissonhd@netvibes.com,Male
627,Shannan,Kaesmans,skaesmanshe@jalbum.net,Genderqueer
628,Brena,Beastall,bbeastallhf@woothemes.com,Female
629,Fred,Dooler,fdoolerhg@deviantart.com,Female
630,Augusto,Rablin,arablinhh@state.gov,Genderqueer
631,Philippa,Hospital,phospitalhi@vk.com,Female
632,Quintin,House,qhousehj@elegantthemes.com,Male
633,Jodi,Torritti,jtorrittihk@redcross.org,Male
634,Nari,Costellow,ncostellowhl@tmall.com,Female
635,Harlene,Simanek,hsimanekhm@go.com,Female
636,Mohammed,Overbury,moverburyhn@unc.edu,Male
637,Godwin,Haysham,ghayshamho@usda.gov,Male
638,Giacomo,Rounce,grouncehp@hc360.com,Male
639,Tildi,Lotze,tlotzehq@google.fr,Female
640,Vasilis,Lyall,vlyallhr@soundcloud.com,Male
641,Berkly,Laying,blayinghs@so-net.ne.jp,Bigender
642,Creigh,Paulot,cpaulotht@feedburner.com,Male
643,Fairleigh,Pallesen,fpallesenhu@indiegogo.com,Male
644,Dorotea,Finnick,dfinnickhv@nifty.com,Female
645,Osmund,Armall,oarmallhw@dropbox.com,Agender
646,Finlay,Roberson,frobersonhx@reddit.com,Male
647,Gery,McFadin,gmcfadinhy@europa.eu,Male
648,Milty,Kleinplac,mkleinplachz@narod.ru,Male
649,Rawley,Foster,rfosteri0@pbs.org,Male
650,Sari,Toon,stooni1@amazon.co.uk,Female
651,Claude,Thwaite,cthwaitei2@ihg.com,Female
652,Dniren,Balcock,dbalcocki3@arstechnica.com,Non-binary
653,Elissa,Dobbin,edobbini4@nationalgeographic.com,Female
654,Matti,Miguel,mmigueli5@marriott.com,Female
655,Andria,Huet,ahueti6@imageshack.us,Female
656,Sterling,Bullocke,sbullockei7@photobucket.com,Male
657,Livvy,Snashall,lsnashalli8@yelp.com,Female
658,Wanda,Biggadyke,wbiggadykei9@cargocollective.com,Bigender
659,Bron,MacConnal,bmacconnalia@msn.com,Male
660,Werner,Bittlestone,wbittlestoneib@netvibes.com,Male
661,Andris,Mundow,amundowic@wikipedia.org,Male
662,Keith,Kondrat,kkondratid@multiply.com,Male
663,Timmi,Petruskevich,tpetruskevichie@upenn.edu,Female
664,Eva,Powdrill,epowdrillif@mashable.com,Female
665,Hansiain,Jurs,hjursig@bbc.co.uk,Male
666,Donn,Epp,deppih@cloudflare.com,Male
667,Flint,Cortes,fcortesii@yahoo.co.jp,Male
668,Roshelle,Havenhand,rhavenhandij@jiathis.com,Female
669,Gilemette,Leggett,gleggettik@miibeian.gov.cn,Polygender
670,Maxine,Drinkale,mdrinkaleil@bloomberg.com,Female
671,Robinetta,Kenson,rkensonim@simplemachines.org,Female
672,Raynard,Mardle,rmardlein@elegantthemes.com,Male
673,Ahmed,Louedey,alouedeyio@tinyurl.com,Male
674,Edd,Goatcher,egoatcherip@vinaora.com,Male
675,Regine,Ecclesall,recclesalliq@msn.com,Genderfluid
676,Staffard,Danby,sdanbyir@google.com.au,Male
677,Garik,Ashurst,gashurstis@noaa.gov,Male
678,Vassily,Le Quesne,vlequesneit@shutterfly.com,Male
679,Betta,Fonso,bfonsoiu@jiathis.com,Female
680,Bret,Garvin,bgarviniv@boston.com,Male
681,Cameron,Cawcutt,ccawcuttiw@irs.gov,Genderfluid
682,Lennard,Monksfield,lmonksfieldix@nydailynews.com,Male
683,Cassondra,Mordecai,cmordecaiiy@cisco.com,Genderqueer
684,Kylen,Matthiae,kmatthiaeiz@webeden.co.uk,Female
685,Nelli,Kilvington,nkilvingtonj0@columbia.edu,Female
686,Iain,Rucklesse,irucklessej1@theglobeandmail.com,Male
687,Remus,Hilary,rhilaryj2@1und1.de,Male
688,Grata,Cicculi,gcicculij3@tuttocitta.it,Female
689,Vladamir,Franzotto,vfranzottoj4@aboutads.info,Male
690,Ambrose,Innwood,ainnwoodj5@scribd.com,Male
691,Avie,Reiner,areinerj6@sitemeter.com,Female
692,Paton,Mastrantone,pmastrantonej7@hubpages.com,Male
693,Hillery,Keetch,hkeetchj8@businesswire.com,Male
694,Alvy,Wealthall,awealthallj9@biblegateway.com,Male
695,Sabina,Bush,sbushja@microsoft.com,Female
696,Chadd,Bellord,cbellordjb@nifty.com,Male
697,Lorant,Feavyour,lfeavyourjc@infoseek.co.jp,Male
698,Nelia,Ebenezer,nebenezerjd@ted.com,Female
699,Murdoch,Clyburn,mclyburnje@wired.com,Male
700,Helena,Gateman,hgatemanjf@flickr.com,Female
701,Portie,Dovidaitis,pdovidaitisjg@shop-pro.jp,Male
702,Peta,Morriarty,pmorriartyjh@google.cn,Female
703,Alberta,Harriss,aharrissji@1und1.de,Female
704,Mariel,Legonidec,mlegonidecjj@irs.gov,Female
705,Nessa,Dullingham,ndullinghamjk@cnbc.com,Female
706,Reagen,Grima,rgrimajl@exblog.jp,Polygender
707,Rois,Huet,rhuetjm@liveinternet.ru,Female
708,Patti,Castro,pcastrojn@barnesandnoble.com,Female
709,Kleon,de Lloyd,kdelloydjo@exblog.jp,Male
710,Lethia,Niaves,lniavesjp@tiny.cc,Female
712,Robinet,Jaffrey,rjaffreyjr@miitbeian.gov.cn,Male
713,Ryon,Monro,rmonrojs@xrea.com,Male
714,Nan,Dace,ndacejt@dyndns.org,Genderqueer
715,Haily,Boseley,hboseleyju@spiegel.de,Male
716,Yolande,Rowlett,yrowlettjv@cisco.com,Female
717,Gianina,O'Shirine,goshirinejw@telegraph.co.uk,Female
718,Tiffy,Hanssmann,thanssmannjx@google.cn,Female
719,Alica,Youles,ayoulesjy@altervista.org,Female
720,Sarene,Benardette,sbenardettejz@mlb.com,Agender
721,Tiler,Bavage,tbavagek0@gravatar.com,Male
722,Malachi,Allabush,mallabushk1@bloglines.com,Male
723,Phillida,Barltrop,pbarltropk2@typepad.com,Non-binary
724,Margy,Balderston,mbalderstonk3@phoca.cz,Female
725,Rafaello,Stockell,rstockellk4@sciencedirect.com,Male
726,Ealasaid,Woodsford,ewoodsfordk5@stanford.edu,Bigender
727,Karim,Baysting,kbaystingk6@jiathis.com,Male
728,Matteo,Anwyl,manwylk7@zdnet.com,Male
729,Chaddy,Cassar,ccassark8@timesonline.co.uk,Male
730,Quent,Tales,qtalesk9@hibu.com,Male
731,Rori,Delete,rdeleteka@oakley.com,Female
732,Quentin,Benzing,qbenzingkb@ebay.com,Male
733,Cchaddie,Dredge,cdredgekc@google.ru,Male
734,Germain,Keele,gkeelekd@indiatimes.com,Male
735,Scotty,Cossey,scosseyke@nps.gov,Male
736,Helli,Beasley,hbeasleykf@livejournal.com,Female
737,Jason,Kollatsch,jkollatschkg@instagram.com,Male
738,Brook,Baseley,bbaseleykh@un.org,Agender
739,Waylon,Bamlet,wbamletki@vk.com,Male
740,Uri,Minards,uminardskj@census.gov,Male
741,Carr,Garfath,cgarfathkk@wsj.com,Male
742,Zara,Bernardot,zbernardotkl@lycos.com,Female
743,Martainn,Oller,mollerkm@miitbeian.gov.cn,Male
744,Belvia,Cossey,bcosseykn@wikispaces.com,Female
745,Reuben,Abilowitz,rabilowitzko@auda.org.au,Male
746,Kelley,Stopher,kstopherkp@hexun.com,Male
747,Georgi,Cheine,gcheinekq@huffingtonpost.com,Male
748,Toby,Pietzner,tpietznerkr@princeton.edu,Female
749,Reeba,Orton,rortonks@blinklist.com,Female
750,Euell,Maccari,emaccarikt@nytimes.com,Male
751,Sharyl,Normanvill,snormanvillku@google.co.uk,Female
752,Carny,Pargeter,cpargeterkv@state.tx.us,Male
753,Myrta,Attewill,mattewillkw@domainmarket.com,Polygender
754,Julietta,Backson,jbacksonkx@hostgator.com,Female
755,Gunilla,Chettle,gchettleky@noaa.gov,Bigender
756,Randene,Gaitone,rgaitonekz@mail.ru,Female
757,Hortense,Borgnol,hborgnoll0@vistaprint.com,Female
758,Joli,Piggott,jpiggottl1@amazon.co.jp,Female
759,Francesco,Walczynski,fwalczynskil2@cam.ac.uk,Male
760,Rafaello,Odgers,rodgersl3@springer.com,Male
761,Fidela,Tofful,ftoffull4@weibo.com,Female
762,Lucina,Extance,lextancel5@gizmodo.com,Female
763,Kahlil,Creebo,kcreebol6@un.org,Male
764,Pierce,Trunby,ptrunbyl7@uol.com.br,Male
765,Tilly,Easby,teasbyl8@oracle.com,Non-binary
766,Shoshana,Poone,spoonel9@blogger.com,Female
767,Ayn,Walter,awalterla@google.co.uk,Female
768,Efren,Pibsworth,epibsworthlb@mapy.cz,Non-binary
769,Bernard,Sillitoe,bsillitoelc@about.com,Male
770,Arni,Postgate,apostgateld@acquirethisname.com,Male
771,Adriaens,Poynter,apoynterle@mayoclinic.com,Female
772,Ruprecht,Currie,rcurrielf@newsvine.com,Polygender
773,Petrina,Chazette,pchazettelg@rakuten.co.jp,Female
774,Courtney,Goodee,cgoodeelh@fastcompany.com,Male
775,Wolfgang,Lehenmann,wlehenmannli@bizjournals.com,Genderfluid
776,Sibelle,Kulver,skulverlj@nba.com,Female
777,Payton,Lequeux,plequeuxlk@ucoz.com,Male
778,Vernor,McClintock,vmcclintockll@ft.com,Male
779,Drew,Domeny,ddomenylm@chicagotribune.com,Bigender
780,Ralf,Tiddy,rtiddyln@usatoday.com,Male
781,Dido,Sloss,dslosslo@scribd.com,Female
782,Karlis,Wrassell,kwrasselllp@dyndns.org,Male
783,Riobard,Spadotto,rspadottolq@weather.com,Male
784,Carolyne,Frankes,cfrankeslr@google.co.jp,Female
785,Myer,Gristwood,mgristwoodls@theguardian.com,Male
786,Carita,Daly,cdalylt@mayoclinic.com,Female
787,Wallis,Keble,wkeblelu@bbb.org,Female
788,Brendis,Fullegar,bfullegarlv@accuweather.com,Male
789,Thomasa,Cornthwaite,tcornthwaitelw@loc.gov,Female
790,Darcey,Espie,despielx@cdbaby.com,Female
791,Zelig,Gullivent,zgullivently@wsj.com,Male
792,Danya,Afonso,dafonsolz@guardian.co.uk,Male
793,Chloette,Legendre,clegendrem0@princeton.edu,Genderqueer
794,Keefer,Harston,kharstonm1@topsy.com,Male
795,Juliane,Mostin,jmostinm2@marriott.com,Female
796,Lorens,Whiteland,lwhitelandm3@baidu.com,Genderfluid
797,Cristen,Ingleston,cinglestonm4@seesaa.net,Agender
798,Pierrette,McDowell,pmcdowellm5@mapquest.com,Female
799,Lemmy,Killcross,lkillcrossm6@fda.gov,Polygender
800,Adah,Cometson,acometsonm7@spiegel.de,Female
801,Francyne,Orable,forablem8@hatena.ne.jp,Female
802,Sonnie,Liggons,sliggonsm9@twitpic.com,Male
803,Meagan,Grog,mgrogma@cdbaby.com,Female
804,Nicholas,Mingus,nmingusmb@phoca.cz,Male
805,Lynne,Van der Velden,lvanderveldenmc@shareasale.com,Female
806,Fons,Docket,fdocketmd@imageshack.us,Male
807,Francine,Munroe,fmunroeme@odnoklassniki.ru,Female
808,Melodee,Quartermain,mquartermainmf@gmpg.org,Bigender
809,Chrysa,Gilling,cgillingmg@sogou.com,Female
810,Cathryn,Buggy,cbuggymh@dmoz.org,Female
811,Wrennie,Riggoll,wriggollmi@marriott.com,Bigender
812,Jessika,Lipson,jlipsonmj@shareasale.com,Female
813,Marga,Tordiffe,mtordiffemk@earthlink.net,Female
814,Christye,Bantock,cbantockml@blogs.com,Female
815,Kareem,Skirling,kskirlingmm@arstechnica.com,Male
816,Andres,Lorie,aloriemn@behance.net,Male
817,Klara,Taillant,ktaillantmo@yahoo.co.jp,Female
818,Jerri,Proffer,jproffermp@smh.com.au,Male
819,Leonard,Vinden,lvindenmq@reuters.com,Male
820,Hashim,Cleatherow,hcleatherowmr@livejournal.com,Male
821,Ruggiero,Ternent,rternentms@qq.com,Male
822,Carter,Kirby,ckirbymt@netscape.com,Male
823,Mallory,Llewelly,mllewellymu@washingtonpost.com,Female
824,Melonie,Shakelade,mshakelademv@businessinsider.com,Female
825,Rooney,Yekel,ryekelmw@ftc.gov,Male
826,Erich,Cowtherd,ecowtherdmx@canalblog.com,Male
827,Philis,Iacomo,piacomomy@omniture.com,Female
828,Genovera,Astman,gastmanmz@technorati.com,Female
829,Charo,Bockings,cbockingsn0@skyrock.com,Female
830,Leopold,Hawket,lhawketn1@alexa.com,Male
831,Emmye,Aiskrigg,eaiskriggn2@bigcartel.com,Female
832,Marmaduke,Kinsell,mkinselln3@smugmug.com,Male
833,Gerard,Degenhardt,gdegenhardtn4@devhub.com,Male
834,Lyle,Fountaine,lfountainen5@merriam-webster.com,Male
835,Ferdinanda,Czajka,fczajkan6@t.co,Female
836,Harbert,Arnason,harnasonn7@infoseek.co.jp,Male
837,Claudio,Clotworthy,cclotworthyn8@bbc.co.uk,Male
838,Celestine,Dumsday,cdumsdayn9@geocities.com,Female
839,Katine,Attenbrow,kattenbrowna@hao123.com,Female
840,Tansy,Burnet,tburnetnb@biglobe.ne.jp,Female
841,Gwenni,Dubery,gduberync@scribd.com,Female
842,Bealle,Boldra,bboldrand@senate.gov,Male
843,Jori,Gotcher,jgotcherne@reddit.com,Female
844,Liesa,Philliphs,lphilliphsnf@topsy.com,Genderfluid
845,Royal,Canto,rcantong@seattletimes.com,Male
846,Mavis,Backhouse,mbackhousenh@desdev.cn,Female
847,Ennis,Rubury,eruburyni@infoseek.co.jp,Male
848,Michael,Strete,mstretenj@unicef.org,Male
849,Willdon,Kopelman,wkopelmannk@wikimedia.org,Male
850,Lovell,Duke,ldukenl@ted.com,Agender
851,Roddy,Tilbrook,rtilbrooknm@slate.com,Male
852,Merna,Wharmby,mwharmbynn@huffingtonpost.com,Female
853,Gery,Fulton,gfultonno@harvard.edu,Male
854,Adrea,Gyrgorwicx,agyrgorwicxnp@booking.com,Female
855,Jacqueline,Cressar,jcressarnq@edublogs.org,Female
856,Dynah,Langmuir,dlangmuirnr@usa.gov,Female
857,Berty,Dumbarton,bdumbartonns@cnet.com,Male
858,Merrielle,Sheffield,msheffieldnt@sourceforge.net,Female
859,Cathleen,Atkins,catkinsnu@google.cn,Female
860,Keeley,Curwood,kcurwoodnv@feedburner.com,Female
861,Lief,Beale,lbealenw@smh.com.au,Male
862,Adolpho,Zorzoni,azorzoninx@reference.com,Male
863,Rebeca,Kimmince,rkimminceny@nih.gov,Female
864,Stefan,MacGee,smacgeenz@umich.edu,Male
865,Marja,Hecks,mheckso0@indiatimes.com,Female
866,Kassandra,Huggen,khuggeno1@twitter.com,Female
867,Vicki,Chawkley,vchawkleyo2@theglobeandmail.com,Female
868,Darill,Challoner,dchallonero3@google.com.au,Male
869,Aldrich,Buntin,abuntino4@disqus.com,Male
870,Susana,Harpin,sharpino5@blogspot.com,Female
871,Cecil,Baumadier,cbaumadiero6@macromedia.com,Male
872,Caspar,Stroder,cstrodero7@usa.gov,Male
873,Clementius,Twaite,ctwaiteo8@mapquest.com,Male
874,Wainwright,Sancias,wsanciaso9@jimdo.com,Male
875,Krystal,Itzcovichch,kitzcovichchoa@imageshack.us,Female
876,Seka,Folker,sfolkerob@a8.net,Female
877,Danika,Hadley,dhadleyoc@telegraph.co.uk,Female
878,Leilah,Jostan,ljostanod@nsw.gov.au,Female
879,Davon,Wyrall,dwyralloe@blogger.com,Male
880,Candi,Madeley,cmadeleyof@springer.com,Non-binary
881,Binky,Janecek,bjanecekog@dell.com,Male
882,Culley,Langrick,clangrickoh@xing.com,Male
883,Arnold,Stefi,astefioi@microsoft.com,Male
884,Elayne,Delea,edeleaoj@dion.ne.jp,Female
885,Jedd,Rault,jraultok@1und1.de,Male
886,Decca,Choupin,dchoupinol@histats.com,Genderqueer
887,Chase,Jahnisch,cjahnischom@ezinearticles.com,Male
888,Jaquelyn,Jenteau,jjenteauon@hexun.com,Female
889,Samaria,Worviell,sworvielloo@hhs.gov,Female
890,Whit,Marquet,wmarquetop@quantcast.com,Male
891,Caralie,Trustrie,ctrustrieoq@addthis.com,Female
892,Rosemaria,Fissenden,rfissendenor@hhs.gov,Female
893,Miran,McClosh,mmccloshos@nyu.edu,Female
894,Goldi,Sandcraft,gsandcraftot@wordpress.org,Female
895,Gweneth,Folkes,gfolkesou@pen.io,Female
896,Cheston,Springell,cspringellov@hhs.gov,Male
897,Clyde,Hartley,chartleyow@weibo.com,Male
898,Marven,Claypool,mclaypoolox@biblegateway.com,Male
899,Elvina,Coppard,ecoppardoy@yandex.ru,Female
900,Farris,Freda,ffredaoz@slate.com,Male
901,Vernice,Linnard,vlinnardp0@issuu.com,Female
902,Marylou,Whiteside,mwhitesidep1@msu.edu,Female
903,Justinn,Flanigan,jflaniganp2@mozilla.org,Female
904,Cathe,Peperell,cpeperellp3@yale.edu,Female
905,Antone,Wildash,awildashp4@jugem.jp,Male
906,Zared,Beirne,zbeirnep5@msu.edu,Male
907,Leia,Jacobi,ljacobip6@skype.com,Female
908,Mimi,Synder,msynderp7@theglobeandmail.com,Female
909,Alix,Guilliatt,aguilliattp8@phpbb.com,Female
910,Cindelyn,Wilton,cwiltonp9@cpanel.net,Female
911,Amabelle,Chicco,achiccopa@tinyurl.com,Female
912,Reginauld,Beckers,rbeckerspb@sourceforge.net,Male
913,Arte,Peace,apeacepc@cocolog-nifty.com,Male
914,Winifield,Givens,wgivenspd@discovery.com,Male
915,Mackenzie,Shelmardine,mshelmardinepe@businesswire.com,Male
916,Barde,Parkman,bparkmanpf@moonfruit.com,Male
917,Barnaby,Vanns,bvannspg@histats.com,Male
918,Alfie,Aluard,aaluardph@mayoclinic.com,Female
919,Bennett,Maylard,bmaylardpi@blogger.com,Male
920,Hubey,Gerssam,hgerssampj@reference.com,Male
921,Tannie,Craydon,tcraydonpk@mit.edu,Male
922,Odie,Hobson,ohobsonpl@hc360.com,Male
923,Silvanus,Gladwell,sgladwellpm@youtu.be,Male
924,Germain,Valti,gvaltipn@amazon.co.uk,Female
925,Bruno,Struijs,bstruijspo@shutterfly.com,Male
926,Shalom,Chasteau,schasteaupp@tiny.cc,Male
927,Adena,McCleod,amccleodpq@scientificamerican.com,Non-binary
928,Freda,Dunmuir,fdunmuirpr@army.mil,Female
929,Flory,Middle,fmiddleps@1688.com,Female
930,Van,Bleas,vbleaspt@purevolume.com,Male
931,Timoteo,Vitler,tvitlerpu@uol.com.br,Male
932,Abra,Revie,areviepv@upenn.edu,Female
933,Calla,Smyth,csmythpw@cocolog-nifty.com,Female
934,Hersh,Tear,htearpx@livejournal.com,Male
935,Katinka,Armsby,karmsbypy@istockphoto.com,Female
936,Muffin,Albone,malbonepz@webs.com,Male
937,Carole,Dowsett,cdowsettq0@archive.org,Female
938,Worthy,McCurlye,wmccurlyeq1@latimes.com,Male
939,Roxy,Kyneton,rkynetonq2@bloglovin.com,Polygender
940,Adan,Twydell,atwydellq3@godaddy.com,Female
941,Abbott,Labb,alabbq4@constantcontact.com,Male
942,Hedy,Loyns,hloynsq5@arizona.edu,Female
943,Caty,Sanham,csanhamq6@diigo.com,Female
944,Erik,Instock,einstockq7@networkadvertising.org,Male
945,Niki,Stanway,nstanwayq8@instagram.com,Male
946,Francine,Weeks,fweeksq9@japanpost.jp,Female
947,Jemimah,McCartney,jmccartneyqa@istockphoto.com,Female
948,Nancee,Matterdace,nmatterdaceqb@huffingtonpost.com,Female
949,Neala,Taggerty,ntaggertyqc@umn.edu,Female
950,Sigfried,Kosiada,skosiadaqd@opensource.org,Male
951,Merridie,Capron,mcapronqe@imgur.com,Female
952,Zita,Motherwell,zmotherwellqf@infoseek.co.jp,Female
953,Tulley,MacTague,tmactagueqg@storify.com,Male
954,Nerissa,Beggi,nbeggiqh@wikispaces.com,Female
955,Ebeneser,Davenhill,edavenhillqi@miitbeian.gov.cn,Male
956,Tybi,Shevlane,tshevlaneqj@nature.com,Female
957,Lewiss,Eye,leyeqk@imgur.com,Genderfluid
958,Aland,Chatenier,achatenierql@zdnet.com,Male
959,Francklin,Tuffley,ftuffleyqm@trellian.com,Male
960,Adrian,Cheley,acheleyqn@gravatar.com,Male
961,Arie,Leacock,aleacockqo@scientificamerican.com,Male
962,Sybille,Barwack,sbarwackqp@google.es,Genderqueer
963,Josey,De Domenicis,jdedomenicisqq@photobucket.com,Female
964,Bernardo,Bayfield,bbayfieldqr@gnu.org,Male
965,Elaina,Hitcham,ehitchamqs@nps.gov,Bigender
966,Isidor,Cotillard,icotillardqt@hao123.com,Male
967,Aymer,Sebyer,asebyerqu@phpbb.com,Male
968,Joellen,Rabjohns,jrabjohnsqv@netscape.com,Female
969,Willdon,Cortese,wcorteseqw@live.com,Male
970,Warden,Beathem,wbeathemqx@ebay.co.uk,Male
971,Griz,Matley,gmatleyqy@google.it,Male
972,Vanna,Placidi,vplacidiqz@lulu.com,Female
973,Francine,McMahon,fmcmahonr0@shinystat.com,Female
974,Riobard,Skoof,rskoofr1@lycos.com,Agender
975,Kizzee,Simion,ksimionr2@wufoo.com,Female
976,Wilbert,Dorie,wdorier3@free.fr,Male
977,Tracie,Mustin,tmustinr4@comsenz.com,Male
978,Urbano,Sames,usamesr5@sakura.ne.jp,Male
979,Luciana,Olivia,loliviar6@ehow.com,Genderqueer
980,Zarah,Catcherside,zcatchersider7@amazon.com,Female
981,Chrissie,Really,creallyr8@ask.com,Male
982,Constancia,Selliman,csellimanr9@unc.edu,Genderfluid
983,Iosep,Wayte,iwaytera@europa.eu,Male
984,Drucy,Olliver,dolliverrb@ted.com,Female
985,Cynthia,Grisley,cgrisleyrc@gov.uk,Female
986,Evyn,Dowzell,edowzellrd@google.nl,Male
987,Isabelle,Quantrill,iquantrillre@istockphoto.com,Female
988,Delphine,Anwell,danwellrf@time.com,Female
989,Sherri,Trevaskis,strevaskisrg@google.ca,Female
990,Dexter,Sighard,dsighardrh@home.pl,Male
991,Laurice,Collecott,lcollecottri@npr.org,Female
992,Malinde,Doulton,mdoultonrj@scribd.com,Female
993,Thorvald,Beyn,tbeynrk@quantcast.com,Male
994,Shawna,Allchorn,sallchornrl@example.com,Female
995,Pearl,Deuss,pdeussrm@squidoo.com,Female
996,Arlin,Hearsum,ahearsumrn@dot.gov,Male
997,Mag,Buzzing,mbuzzingro@va.gov,Female
998,Spenser,Casserley,scasserleyrp@mozilla.org,Male
999,Amata,Hanhardt,ahanhardtrq@slideshare.net,Female
1000,Benyamin,Ridgeway,bridgewayrr@nba.com,Male
1002,John,Doe,john.doe@mail.com,Male
1,Dew,Haggas,test@mail.com,Bigender
